[
  {
    "pack_1": 123,
    "pack_2": 123,
    "pack_3": 1230,
    "name": "01/20"
  },
  {
    "pack_1": 123,
    "pack_2": 33,
    "pack_3": 430,
    "name": "02/20"
  },
  {
    "pack_1": 12,
    "pack_2": 353,
    "pack_3": 830,
    "name": "03/20"
  },
  {
    "pack_1": 14,
    "pack_2": 238,
    "pack_3": 98,
    "name": "04/20"
  },
  {
    "pack_1": 31,
    "pack_2": 78,
    "pack_3": 431,
    "name": "05/20"
  },
  {
    "pack_1": 90,
    "pack_2": 76,
    "pack_3": 3000,
    "name": "06/20"
  },
  {
    "pack_1": 13,
    "pack_2": 44,
    "pack_3": 5,
    "name": "07/20"
  },
  {
    "pack_1": 1230,
    "pack_2": 1203,
    "pack_3": 30,
    "name": "08/20"
  },
  {
    "pack_1": 12343,
    "pack_2": 346,
    "pack_3": 10,
    "name": "09/20"
  },
  {
    "pack_1": 23,
    "pack_2": 1,
    "pack_3": 0,
    "name": "10/20"
  },
  {
    "pack_1": 843,
    "pack_2": 42,
    "pack_3": 24,
    "name": "11/20"
  },
  {
    "pack_1": 12300,
    "pack_2": 1000,
    "pack_3": 50,
    "name": "12/20"
  }
]